timestamp,server_area,temperature,time_of_day,day_of_week
2025-12-26 05:10:52.703741,0,87.5,5,4
2025-12-26 05:11:27.338723,0,75.0,5,4
2025-12-26 05:11:27.357798,1,76.0,5,4
2025-12-26 05:11:27.371356,2,77.0,5,4
2025-12-26 05:11:27.384669,3,78.0,5,4
2025-12-26 05:11:27.397864,4,79.0,5,4
2025-12-26 05:11:57.419011,0,87.5,5,4
2025-12-26 05:12:11.482394,0,87.5,5,4
2025-12-26 05:12:39.097041,0,87.5,5,4
2025-12-26 18:42:48.929482,6,87.06720707480751,18,4
2025-12-26 18:42:59.075035,6,93.41856813794756,18,4
2025-12-26 18:43:08.001538,4,94.8718448107447,18,4
2025-12-26 18:43:28.918348,1,93.17772064525172,18,4
2025-12-26 18:43:31.196744,3,89.59664634346547,18,4
2025-12-26 18:43:39.886617,7,87.14850757508562,18,4
2025-12-26 18:43:46.285753,1,86.04510634825003,18,4
2025-12-26 18:43:56.721430,0,86.79814497363401,18,4
2025-12-26 18:44:24.236471,1,93.39119271246145,18,4
2025-12-26 18:44:32.978460,3,92.33084033595854,18,4
2025-12-26 18:44:36.118254,4,90.46900015603065,18,4
2025-12-26 18:44:39.386820,0,89.80099676630539,18,4
2025-12-26 18:44:46.004290,0,86.09305793688614,18,4
2025-12-26 18:45:09.915932,3,93.42168794850927,18,4
2025-12-26 18:45:17.967385,5,85.03378957476515,18,4
2025-12-26 18:45:20.148701,2,88.23159448492126,18,4
2025-12-26 18:45:26.189019,4,87.82985380718976,18,4
2025-12-26 18:45:34.354705,5,88.1892990877294,18,4
2025-12-26 18:45:48.413643,5,86.74398252128793,18,4
2025-12-26 18:46:02.483119,1,86.39599438544289,18,4
2025-12-26 18:46:04.526008,7,94.2202740152711,18,4
2025-12-26 18:46:12.566008,3,91.16435181151049,18,4
2025-12-26 18:46:18.621186,4,91.99078937345728,18,4
2025-12-26 18:46:24.654627,2,89.8908179804527,18,4
2025-12-26 18:46:32.696178,6,85.92501722167573,18,4
2025-12-26 18:46:46.795936,2,88.99901138384615,18,4
2025-12-26 18:46:53.363746,4,92.09678868090178,18,4
2025-12-26 18:46:57.616749,3,92.46336559987292,18,4
2025-12-26 18:47:05.869797,6,92.42027689306408,18,4
2025-12-26 18:47:33.212400,7,86.68816309062153,18,4
2025-12-26 18:47:49.122252,2,90.03740197934351,18,4
2025-12-26 18:48:25.535212,6,94.11327663262033,18,4
2025-12-26 18:48:58.144057,3,91.548851018056,18,4
2025-12-26 18:49:10.045716,7,87.83865492388708,18,4
2025-12-26 18:49:29.236654,3,89.98751224890398,18,4
2025-12-26 18:49:41.006713,2,94.2479317432575,18,4
2025-12-26 18:50:09.876124,1,91.44638180297216,18,4
2025-12-26 18:50:14.162035,3,91.82345268571268,18,4
2025-12-26 18:50:33.519971,3,94.02928116801758,18,4
2025-12-26 18:50:52.208710,2,85.99836432547025,18,4
2025-12-26 18:50:58.189400,6,86.55960436242906,18,4
2025-12-26 18:51:23.603112,4,93.68816176281209,18,4
2025-12-26 18:51:42.729481,6,92.23090552587428,18,4
2025-12-26 18:51:51.629123,3,91.628290503375,18,4
2025-12-26 18:51:57.359857,4,86.08592460153152,18,4
2025-12-26 18:52:01.462856,4,85.79471566084563,18,4
2025-12-26 18:52:26.643030,0,86.40132385391567,18,4
2025-12-26 18:52:42.509469,5,86.86468442765386,18,4
2025-12-26 18:52:59.441422,2,88.77555917492444,18,4
2025-12-26 18:53:02.447869,3,88.01434795122643,18,4
2025-12-26 18:53:27.720163,2,87.91616107094397,18,4
2025-12-26 18:53:38.191391,1,88.63451667897374,18,4
2025-12-26 18:53:52.239607,3,87.39145230898956,18,4
2025-12-26 18:54:30.176610,7,91.01847546459264,18,4
2025-12-26 18:55:01.320520,7,87.77956142451985,18,4
2025-12-26 18:55:03.456683,2,85.64044036645005,18,4
2025-12-26 18:55:09.998003,5,93.50889206641884,18,4
2025-12-26 18:55:37.375914,0,87.14530404210768,18,4
2025-12-26 18:55:46.841217,3,86.25120847918889,18,4
2025-12-26 18:55:56.022604,4,85.88149955570888,18,4
2025-12-26 18:56:07.354145,4,85.89225843080895,18,4
2025-12-26 18:56:14.774291,2,93.8218744357738,18,4
2025-12-26 18:56:31.900365,7,86.98892355368004,18,4
2025-12-26 18:56:35.756790,3,93.66161387400628,18,4
2025-12-26 18:56:48.422445,5,91.88431373508168,18,4
2025-12-26 18:56:52.823483,4,85.10219485028493,18,4
2025-12-26 18:57:06.824944,7,87.58985995696253,18,4
2025-12-26 18:57:13.230224,0,86.69981471814329,18,4
2025-12-26 18:57:15.399827,4,93.86303713334092,18,4
2025-12-26 18:57:26.907637,6,86.83642420300218,18,4
2025-12-26 18:57:52.508078,5,85.55224668616707,18,4
2025-12-26 18:58:09.875650,4,89.6948818394913,18,4
2025-12-26 18:58:17.639778,6,93.78001913395806,18,4
2025-12-26 18:58:34.376362,6,90.552837735384,18,4
2025-12-26 18:59:06.216822,3,87.13363042299419,18,4
2025-12-26 18:59:26.236427,1,88.77425991945617,18,4
2025-12-26 18:59:39.857904,1,86.99360706239705,18,4
2025-12-26 19:00:13.281055,0,88.91739556589489,19,4
2025-12-26 19:01:02.807945,4,94.27857878196164,19,4
2025-12-26 19:01:48.060010,7,86.61023533867301,19,4
2025-12-26 19:01:54.147292,3,87.97473753782667,19,4
2025-12-26 19:02:04.526978,0,91.95426293796812,19,4
2025-12-26 19:02:13.102931,4,90.20216522522716,19,4
2025-12-26 19:02:13.692957,0,88.34495686637044,19,4
2025-12-26 19:02:13.812219,0,85.44322628209551,19,4
2025-12-26 19:02:14.187989,7,92.60869309997848,19,4
2025-12-26 19:02:14.695426,1,90.01946327924904,19,4
2025-12-26 19:02:15.078709,2,86.25967476973999,19,4
2025-12-26 19:02:16.839946,2,86.99223082682683,19,4
2025-12-26 19:02:17.986261,0,91.81441042635883,19,4
2025-12-26 19:02:18.464908,3,92.64686295033516,19,4
2025-12-26 19:02:27.856983,2,86.15176231583078,19,4
2025-12-26 19:03:15.840971,4,89.89774415150919,19,4
2025-12-26 19:03:31.435688,3,91.12980741444424,19,4
2025-12-26 19:03:35.546915,5,89.83372365457271,19,4
2025-12-26 19:03:41.665161,1,92.0966485847624,19,4
2025-12-26 19:03:55.785401,2,88.38768331023863,19,4
2025-12-26 19:03:57.864666,2,87.57560794673591,19,4
2025-12-26 19:04:11.966688,2,87.4869164080742,19,4
2025-12-26 19:04:16.055811,4,92.4720997823155,19,4
2025-12-26 19:04:18.154686,6,92.43513640860388,19,4
2025-12-26 19:04:56.315658,7,90.5537149439578,19,4
2025-12-26 19:05:06.426308,0,85.51631401328675,19,4
2025-12-26 19:05:12.546283,3,88.75591651901969,19,4
2025-12-26 19:05:26.648569,3,92.5067646087794,19,4
2025-12-26 19:05:44.775460,0,91.42536712949628,19,4
2025-12-26 19:05:57.190393,0,93.11006979369586,19,4
2025-12-26 19:06:02.097845,1,86.0261809845826,19,4
2025-12-26 19:06:08.197632,4,91.40092842904488,19,4
2025-12-26 19:06:24.729709,3,87.5380600004581,19,4
2025-12-26 19:07:00.987033,4,87.96304223064836,19,4
2025-12-26 19:07:06.068952,1,91.06322861320686,19,4
2025-12-26 19:24:19.101551,0,93.39554049752768,19,4
2025-12-26 19:25:49.809740,7,89.02667605320798,19,4
2025-12-26 19:26:22.379639,7,89.15663016523753,19,4
2025-12-26 19:26:28.417349,5,93.2157215221591,19,4
2025-12-26 19:26:39.045070,0,85.06040787962901,19,4
2025-12-26 19:27:13.726686,2,87.53842019021317,19,4
2025-12-26 19:27:44.809569,0,91.30825698163603,19,4
2025-12-26 19:28:02.350115,1,87.09611460639806,19,4
2025-12-26 19:28:45.947748,4,91.69510868820934,19,4
2025-12-26 19:29:13.915291,4,88.34768174347236,19,4
2025-12-26 19:29:25.227580,7,86.80322119350137,19,4
2025-12-26 19:31:17.317439,2,93.63282439725168,19,4
2025-12-26 19:31:42.581439,2,91.50876907539644,19,4
2025-12-26 19:33:07.148707,3,89.93582393464793,19,4
2025-12-26 19:33:17.398198,2,93.97000542022822,19,4
2025-12-26 19:33:27.579319,1,87.67893585774752,19,4
2025-12-26 19:33:39.694931,3,94.60630972157516,19,4
2025-12-26 19:34:26.809185,1,94.0750002950666,19,4
2025-12-26 19:34:44.941605,7,89.24931642481957,19,4
2025-12-26 19:34:53.078855,3,87.22066243348603,19,4
2025-12-26 19:35:31.247250,7,94.81560286006092,19,4
2025-12-26 19:35:41.356450,4,92.20980763433047,19,4
2025-12-26 19:35:55.485059,4,94.32344623960458,19,4
2025-12-26 19:36:17.623373,2,94.30184556824408,19,4
2025-12-26 19:36:33.757286,1,86.3090898975758,19,4
2025-12-26 19:37:07.925088,4,89.5175945100787,19,4
2025-12-26 19:46:17.470016,6,89.93777869672527,19,4
2025-12-26 19:46:21.595245,7,89.3396201126265,19,4
2025-12-26 19:46:43.771675,1,89.86204058629937,19,4
2025-12-26 19:51:03.891625,2,89.04995526488055,19,4
2025-12-26 19:54:04.222663,7,86.83871852649857,19,4
2025-12-26 19:54:49.429020,5,92.28661854604653,19,4
2025-12-26 19:54:55.544008,0,93.8444738495644,19,4
2025-12-26 19:55:11.671926,2,88.17558837527407,19,4
2025-12-26 19:55:19.788450,4,94.27930417991848,19,4
2025-12-26 19:55:31.898656,1,85.39157856253787,19,4
2025-12-26 19:55:36.002347,6,94.87604468710084,19,4
2025-12-26 19:55:48.114443,6,87.04395748058272,19,4
2025-12-26 19:55:58.236926,1,92.10232440599094,19,4
2025-12-26 19:56:18.375514,0,87.79490685195498,19,4
2025-12-26 19:56:34.494594,3,89.78416906104114,19,4
2025-12-26 19:56:36.600544,7,89.04367724572194,19,4
2025-12-26 19:56:48.723223,6,89.59758089865939,19,4
2025-12-26 19:56:52.832328,6,92.56291512614048,19,4
2025-12-26 19:56:54.937594,1,91.37662811985116,19,4
2025-12-26 19:56:57.031823,2,88.58541468249841,19,4
2025-12-26 19:56:59.133119,6,93.74244703214988,19,4
2025-12-26 19:57:25.281638,2,90.25676767419804,19,4
2025-12-26 19:57:45.421320,3,94.55586219006456,19,4
2025-12-26 19:58:03.540512,6,90.22765414689432,19,4
2025-12-26 19:58:13.655195,4,93.96573985486,19,4
2025-12-26 19:58:41.795374,0,89.5297178727297,19,4
2025-12-26 19:58:45.903662,0,87.59266886074784,19,4
2025-12-26 19:58:50.015320,5,93.65069152400318,19,4
2025-12-26 19:59:14.153336,5,94.4227935369023,19,4
2025-12-26 19:59:16.258333,1,93.76321519994646,19,4
2025-12-26 19:59:18.365250,2,94.22400116752696,19,4
2025-12-26 19:59:48.528066,0,86.68313299888305,19,4
2025-12-26 19:59:56.649909,5,85.524966960472,19,4
2025-12-26 20:00:04.768399,4,93.72956306182002,20,4
2025-12-26 20:01:11.834717,2,88.63555542597385,20,4
2025-12-26 20:01:13.948343,0,90.8310286132563,20,4
2025-12-26 20:01:38.104034,0,88.39672354272412,20,4
2025-12-26 20:01:48.250524,7,91.01982206694812,20,4
2025-12-26 20:01:52.368809,5,94.69918061923686,20,4
2025-12-26 20:02:10.511083,3,86.92734102652476,20,4
2025-12-26 20:02:18.640522,3,93.66375410833288,20,4
2025-12-26 20:02:22.770095,7,94.95797118182072,20,4
2025-12-26 20:02:26.887976,6,92.5167833952452,20,4
2025-12-26 20:02:37.002083,6,93.4502418089038,20,4
2025-12-26 20:02:45.114752,6,86.75490912323305,20,4
2025-12-26 20:02:47.229120,4,85.49087791779338,20,4
2025-12-26 20:02:49.338071,5,88.19294933275732,20,4
2025-12-26 20:03:09.482211,2,92.62564120238,20,4
2025-12-26 20:03:15.615134,1,91.01673377261862,20,4
2025-12-26 20:03:36.738377,1,86.01613131491469,20,4
2025-12-26 20:03:56.805186,1,91.85147431808598,20,4
2025-12-26 20:04:03.811658,5,87.39403406859265,20,4
2025-12-26 20:04:10.440643,2,91.38291287179888,20,4
2025-12-26 20:04:31.267796,3,86.5148828685919,20,4
2025-12-26 20:05:06.116871,3,89.88300807950279,20,4
2025-12-26 20:05:24.760747,0,88.41234939695383,20,4
2025-12-26 20:05:35.048319,0,91.08696620975324,20,4
2025-12-26 20:06:01.240611,2,91.00207157401448,20,4
2025-12-26 20:06:09.369170,3,86.06574713527701,20,4
2025-12-26 20:06:11.485674,4,94.43665174207328,20,4
2025-12-26 20:07:04.499791,2,85.91972619869236,20,4
2025-12-26 20:07:17.520598,4,92.23092774592467,20,4
2025-12-26 20:07:24.024485,5,88.8122278762609,20,4
2025-12-26 20:08:10.875577,2,90.98794571138184,20,4
2025-12-26 20:08:26.270522,4,85.30799033900178,20,4
2025-12-26 20:09:14.569621,1,92.6487889851516,20,4
2025-12-26 20:09:31.388607,1,93.87669468077488,20,4
2025-12-26 20:09:43.516953,6,85.76621196984523,20,4
2025-12-26 20:10:01.698775,0,90.84203371277113,20,4
2025-12-26 20:10:13.834019,4,94.54381556327507,20,4
2025-12-26 20:10:23.656972,7,94.65996576231316,20,4
2025-12-26 20:10:46.321355,7,94.5730300020156,20,4
2025-12-26 20:11:07.458707,1,88.76245288608526,20,4
2025-12-26 20:11:29.305730,0,91.51221522752604,20,4
2025-12-26 20:11:38.905322,5,86.2313700237595,20,4
2025-12-26 20:11:43.759835,4,93.5599754516422,20,4
2025-12-26 20:11:53.750471,6,90.88468129516173,20,4
2025-12-26 20:12:06.487027,1,93.78449084323464,20,4
2025-12-26 20:12:10.356623,4,86.06357480792795,20,4
2025-12-26 20:12:18.230660,0,89.0942825687283,20,4
2025-12-26 20:12:25.551351,4,92.7748427012879,20,4
2025-12-26 20:12:36.710745,3,86.63330663976603,20,4
2025-12-26 20:12:40.928646,7,90.57596375264954,20,4
2025-12-26 20:12:49.060518,2,85.35952114922941,20,4
2025-12-26 20:12:55.250022,7,92.7952608555876,20,4
2025-12-26 20:13:30.344171,7,85.21995103437557,20,4
2025-12-26 20:14:16.542545,6,87.57535285174517,20,4
2025-12-26 20:14:20.666570,3,88.6183671771675,20,4
2025-12-26 20:14:42.827421,6,90.09583567001258,20,4
2025-12-26 20:14:50.965156,2,88.9335599192853,20,4
2025-12-26 20:14:59.090272,2,88.19000187852642,20,4
2025-12-26 20:15:15.270544,4,88.21547846984805,20,4
2025-12-26 20:15:17.396975,5,90.78320086006636,20,4
2025-12-26 20:15:19.532412,5,90.81728799857056,20,4
2025-12-26 20:15:35.679702,1,90.32825853942124,20,4
2025-12-26 20:15:47.826438,6,92.68632870865444,20,4
2025-12-26 20:15:51.957802,1,93.69031901513824,20,4
2025-12-26 20:16:08.112308,0,86.7177015191189,20,4
2025-12-26 20:16:16.251353,0,92.0788069141546,20,4
2025-12-26 20:16:56.445308,3,92.55690768184692,20,4
2025-12-26 20:17:56.691782,4,90.22602211646016,20,4
2025-12-26 20:18:04.839172,3,89.34790208085278,20,4
2025-12-26 20:18:16.984010,1,89.21827893473314,20,4
2025-12-26 20:18:21.114787,6,91.69938759413904,20,4
2025-12-26 20:18:29.257522,5,86.90775061441138,20,4
2025-12-26 20:18:49.412662,0,89.65702336942331,20,4
2025-12-26 20:19:03.566967,4,86.47783600994951,20,4
2025-12-26 20:19:07.699767,6,89.7053473858783,20,4
2025-12-26 20:19:13.822820,2,86.02982923512364,20,4
2025-12-26 20:19:15.952910,2,87.48127498386323,20,4
2025-12-26 20:19:32.116281,7,91.36970489810972,20,4
2025-12-26 20:19:36.249539,0,86.9442182309004,20,4
2025-12-26 20:20:02.430320,4,92.9871000474683,20,4
2025-12-26 20:20:10.585848,4,93.73183690490583,20,4
2025-12-26 20:20:32.751244,1,93.39314284124563,20,4
2025-12-26 20:20:38.872550,1,91.08457756515088,20,4
2025-12-26 20:20:49.018712,0,85.71195216282754,20,4
2025-12-26 20:21:05.166643,1,86.0538959022265,20,4
2025-12-26 20:21:13.321513,1,90.75334384653026,20,4
2025-12-26 20:21:23.462792,3,86.04195419577057,20,4
2025-12-26 20:21:31.604078,5,93.70822448093548,20,4
2025-12-26 20:21:33.734607,2,85.12611140263436,20,4
2025-12-26 20:21:41.869172,1,90.12811189416594,20,4
2025-12-26 20:21:48.015495,2,92.98176278050708,20,4
2025-12-26 20:21:56.160726,1,91.47185692586304,20,4
2025-12-26 20:22:06.306855,1,88.02618828993619,20,4
2025-12-26 20:22:08.427585,2,86.81763196695411,20,4
2025-12-26 20:22:10.547305,1,86.27628601853692,20,4
2025-12-26 20:22:18.686414,1,94.68164382387582,20,4
2025-12-26 20:22:40.854997,2,90.3912071931344,20,4
2025-12-26 20:22:57.014570,0,90.44099941765624,20,4
2025-12-26 20:23:25.188960,6,86.8010852570517,20,4
2025-12-26 20:24:33.449782,0,85.8645417391333,20,4
2025-12-26 20:24:51.605211,6,94.67113984683854,20,4
2025-12-26 20:25:01.752173,5,93.47803857854277,20,4
2025-12-26 20:25:03.897277,1,85.40182912108372,20,4
2025-12-26 20:25:32.086012,1,86.98508451343042,20,4
2025-12-26 20:25:36.227983,2,93.9594864961928,20,4
2025-12-26 20:25:48.386758,6,89.4967003009601,20,4
2025-12-26 20:26:06.551240,5,90.65296864596142,20,4
2025-12-26 20:26:20.717996,1,94.6669769548444,20,4
2025-12-26 20:26:24.861164,1,89.12590781606967,20,4
2025-12-26 20:26:26.994704,5,91.46955188171776,20,4
2025-12-26 20:26:35.128424,4,89.22454519294125,20,4
2025-12-26 20:26:49.292795,1,93.02191027490316,20,4
2025-12-26 20:27:15.472021,7,87.00645466778815,20,4
2025-12-26 20:27:21.617375,5,89.96389601272561,20,4
2025-12-26 20:27:23.745410,5,87.99332396135007,20,4
2025-12-26 20:27:29.881421,2,85.70029550796187,20,4
2025-12-26 20:27:42.041459,2,88.065213635223,20,4
2025-12-26 20:27:46.194491,5,86.98950364134697,20,4
2025-12-26 20:27:56.354565,0,87.60287451892316,20,4
2025-12-26 20:28:24.533384,1,88.98971175151348,20,4
2025-12-26 20:28:48.725475,6,94.80091464952028,20,4
2025-12-26 20:29:30.925389,0,88.27326030555086,20,4
2025-12-26 20:29:49.099851,7,91.48515055274196,20,4
2025-12-26 20:30:03.265505,7,91.50069679191584,20,4
2025-12-26 20:30:31.459768,4,88.39161947759202,20,4
2025-12-26 20:30:35.604144,6,89.09528113032272,20,4
2025-12-26 20:30:43.760237,7,92.35624424382068,20,4
2025-12-26 20:30:57.924801,6,90.02530166965236,20,4
2025-12-26 20:31:48.154322,6,93.6155076083823,20,4
2025-12-26 20:32:00.329216,7,88.15889081090418,20,4
2025-12-26 20:32:34.521657,0,87.76033487073597,20,4
2025-12-26 20:32:52.691267,4,92.34528626854478,20,4
2025-12-26 20:32:56.839289,3,88.63348701191269,20,4
2025-12-26 20:33:03.103666,6,88.28694298401473,20,4
2025-12-26 20:33:05.247380,5,91.7808213324112,20,4
2025-12-26 20:33:09.397379,2,89.13692548341457,20,4
2025-12-26 20:33:25.558759,5,89.87286362329101,20,4
2025-12-26 20:33:45.731693,1,93.53884381090968,20,4
2025-12-26 20:34:11.912446,2,87.53943686373769,20,4
2025-12-26 20:34:42.103789,3,91.16401310671684,20,4
2025-12-26 20:35:24.324339,0,92.02367363691384,20,4
2025-12-26 20:35:30.475981,2,93.35315359740711,20,4
2025-12-26 20:35:52.644007,3,87.07811967633313,20,4
2025-12-26 20:35:56.792078,1,93.45815493736828,20,4
2025-12-26 20:35:58.922414,0,89.54797139895501,20,4
2025-12-26 20:36:21.094109,6,89.73672453892279,20,4
2025-12-26 20:36:45.287592,3,90.58159727986462,20,4
2025-12-26 20:36:47.430960,2,90.45456833832752,20,4
2025-12-26 20:36:53.584532,4,89.27436484995204,20,4
2025-12-26 20:37:09.772733,2,94.29059122697728,20,4
2025-12-26 20:37:33.958457,6,92.88854942303465,20,4
2025-12-26 20:37:48.130170,1,90.43246641988314,20,4
2025-12-26 20:37:50.286004,2,86.97272641735518,20,4
2025-12-26 20:38:50.538608,3,91.0297170670582,20,4
2025-12-26 20:39:00.694496,5,88.40854217668328,20,4
2025-12-26 20:39:20.880142,4,87.65546537625983,20,4
2025-12-26 20:39:31.043494,7,89.39673311208355,20,4
2025-12-26 20:39:57.236553,4,94.92434417742764,20,4
2025-12-26 20:40:03.397470,1,94.8538379865324,20,4
2025-12-26 20:40:17.574468,5,90.65168128874627,20,4
2025-12-26 20:40:21.741677,6,86.28038924621359,20,4
2025-12-26 20:40:29.899873,7,93.76700683278123,20,4
2025-12-26 20:40:34.054069,0,91.58774695457453,20,4
2025-12-26 20:40:44.215088,5,85.76048098372337,20,4
2025-12-26 20:40:46.363704,6,93.72883554005222,20,4
2025-12-26 20:41:12.559401,6,93.30466620458486,20,4
2025-12-26 20:41:16.708982,5,90.01401819039864,20,4
2025-12-26 20:41:38.889679,0,85.65974499846581,20,4
2025-12-26 20:41:41.042185,6,90.92552014069638,20,4
2025-12-26 20:41:45.201810,2,88.78612362094735,20,4
2025-12-26 20:41:47.343920,6,88.95690555225305,20,4
2025-12-26 20:41:51.498299,3,89.30294834603534,20,4
2025-12-26 20:41:53.638711,1,93.62210401090027,20,4
2025-12-26 20:42:19.830157,5,94.92203749536154,20,4
2025-12-26 20:42:29.985710,5,86.39553310669108,20,4
2025-12-26 20:42:50.173961,7,92.6538790821012,20,4
2025-12-26 20:42:54.359517,0,93.53404680067484,20,4
2025-12-26 20:43:00.526822,5,86.46647910182149,20,4
2025-12-26 20:43:06.690288,7,87.18814209087432,20,4
2025-12-26 20:43:10.839713,1,94.3249106465852,20,4
2025-12-26 20:43:23.014717,0,93.18438737849958,20,4
2025-12-26 20:43:45.198148,7,88.41143251726776,20,4
2025-12-26 20:44:07.388621,5,88.7388823317517,20,4
2025-12-26 20:44:45.608776,1,85.93566800512703,20,4
2025-12-26 20:44:55.788993,5,94.95840518930824,20,4
2025-12-26 20:44:57.946676,5,91.29758579906095,20,4
2025-12-26 20:45:00.107187,6,90.27266095111808,20,4
2025-12-26 20:45:04.267845,0,88.39837112396509,20,4
2025-12-26 20:45:24.460653,1,85.88380022262217,20,4
2025-12-26 20:46:10.721930,3,88.80185094387689,20,4
2025-12-26 20:46:12.877235,4,89.72104012078768,20,4
2025-12-26 20:46:29.058534,0,86.22923744558425,20,4
2025-12-26 20:46:43.243651,7,91.7898138813006,20,4
2025-12-26 20:47:25.487435,2,90.06783688352729,20,4
2025-12-26 20:47:39.669754,7,89.50747291965578,20,4
2025-12-26 20:47:53.843679,6,89.15300765882833,20,4
2025-12-26 20:47:57.997849,2,94.4677293984453,20,4
2025-12-26 20:48:22.217288,5,88.13898715514794,20,4
2025-12-26 20:49:00.437062,7,89.21984631557713,20,4
2025-12-26 20:49:12.609123,3,90.78127386642495,20,4
2025-12-26 20:49:38.808479,2,87.82391110675948,20,4
2025-12-26 20:49:50.988447,5,94.05044954656309,20,4
2025-12-26 20:49:57.152663,7,91.13584781637444,20,4
2025-12-26 20:50:05.326473,7,92.1107404190426,20,4
2025-12-26 20:50:09.484511,6,94.8849669595962,20,4
2025-12-26 20:51:03.741533,3,92.01788628591764,20,4
2025-12-26 20:51:29.936471,6,92.05889620383594,20,4
2025-12-26 20:51:38.102655,3,89.88534355753582,20,4
2025-12-26 20:51:40.264151,4,87.51997315434657,20,4
2025-12-26 20:51:46.453024,4,89.11216024217032,20,4
2025-12-26 20:51:48.633388,1,85.844448345485,20,4
2025-12-26 20:51:52.815287,0,87.85955177423898,20,4
2025-12-26 20:52:37.129192,6,93.44067795120932,20,4
2025-12-26 20:52:47.317191,6,87.51425270822565,20,4
2025-12-26 20:53:29.614146,2,93.79876097134732,20,4
2025-12-26 20:53:33.784459,6,94.9855386416826,20,4
2025-12-26 20:53:43.981629,6,86.79112817459391,20,4
2025-12-26 20:54:18.226353,5,87.20759986811228,20,4
2025-12-26 20:54:30.419960,0,85.67421732734509,20,4
2025-12-26 20:54:32.592841,4,86.78312094470257,20,4
2025-12-26 20:54:52.821272,0,88.10507567287777,20,4
2025-12-26 20:55:01.000945,5,92.06948248496896,20,4
2025-12-26 20:55:07.182359,6,89.47202110408223,20,4
2025-12-26 20:55:19.371128,1,86.62042721097833,20,4
2025-12-26 20:55:45.597944,6,92.2649097932591,20,4
2025-12-26 20:55:51.763923,1,91.644782827614,20,4
2025-12-26 20:55:59.937456,5,91.10873188247076,20,4
2025-12-26 20:56:06.124497,2,87.46313905087837,20,4
2025-12-26 20:56:24.380152,7,85.62309037364327,20,4
2025-12-26 20:56:32.573414,3,93.70935619762564,20,4
2025-12-26 20:56:44.762713,6,89.03188782782401,20,4
2025-12-26 20:56:52.951853,0,89.97356124021621,20,4
2025-12-26 20:57:01.134477,2,85.64558266417679,20,4
2025-12-26 20:57:11.334412,2,87.48451195870953,20,4
2025-12-26 20:57:33.542604,5,88.04350586833132,20,4
2025-12-26 20:57:43.796148,2,85.42963440794564,20,4
2025-12-26 20:57:53.985241,2,87.9014995141471,20,4
2025-12-26 20:58:06.202514,7,94.09568535121936,20,4
2025-12-26 20:58:16.405912,2,87.05137064129649,20,4
2025-12-26 20:58:36.614156,7,88.0874444109404,20,4
2025-12-26 20:58:52.818075,2,88.44483196467557,20,4
2025-12-26 20:59:21.044427,6,85.02849781669406,20,4
2025-12-26 20:59:33.229913,2,91.82559037076666,20,4
2025-12-26 21:00:23.503821,4,94.15429446726245,21,4
2025-12-26 21:00:27.686637,5,92.43643344074592,21,4
2025-12-26 21:00:35.905577,2,88.0762156193868,21,4
2025-12-26 21:00:38.082018,3,90.4570873512194,21,4
2025-12-26 21:00:42.261068,4,85.38668332071359,21,4
2025-12-26 21:00:44.423401,5,86.04414984656793,21,4
2025-12-26 21:01:02.668627,3,89.2370728694973,21,4
2025-12-26 21:01:10.855202,0,85.56760283831326,21,4
2025-12-26 21:01:31.208318,7,94.66433510809286,21,4
2025-12-26 21:01:53.427239,7,93.56015234320466,21,4
2025-12-26 21:02:39.682670,2,87.0324190089397,21,4
2025-12-26 21:03:03.896866,3,90.70022884016154,21,4
2025-12-26 21:03:12.107229,2,87.29608977301261,21,4
2025-12-26 21:03:16.290907,0,90.74685441648872,21,4
2025-12-26 21:03:22.478398,7,88.13881941338208,21,4
2025-12-26 21:03:26.654445,6,94.3566593203772,21,4
2025-12-26 21:03:54.882635,3,87.21199033237436,21,4
2025-12-26 21:03:59.055675,2,91.4889777599423,21,4
2025-12-26 21:04:13.274967,4,94.38253170404788,21,4
2025-12-26 21:04:23.491909,6,93.54304167435416,21,4
2025-12-26 21:04:29.682803,4,89.39167885019219,21,4
2025-12-26 21:04:31.886584,5,91.1244560567819,21,4
2025-12-26 21:04:36.090496,2,88.94840389599662,21,4
2025-12-26 21:04:52.287855,5,85.93446713907163,21,4
2025-12-26 21:05:02.483845,1,87.57624830010965,21,4
2025-12-26 21:05:10.663857,3,89.07683608855056,21,4
2025-12-26 21:05:24.934384,0,88.47547031531724,21,4
2025-12-26 21:05:27.170607,1,91.42912995009009,21,4
2025-12-26 21:05:59.419199,2,91.45953035502424,21,4
2025-12-26 21:06:07.770737,2,88.28460713701224,21,4
2025-12-26 21:06:13.965950,0,87.04300581804523,21,4
2025-12-26 21:06:18.157068,6,88.82832711619113,21,4
2025-12-26 21:06:30.361139,2,92.34453343994085,21,4
2025-12-26 21:07:02.599539,5,91.08324748030245,21,4
2025-12-26 21:07:06.783636,4,90.57889718887084,21,4
2025-12-26 21:07:10.963952,1,85.9457870906026,21,4
2025-12-26 21:07:25.192842,2,91.94622020314608,21,4
2025-12-26 21:07:39.401963,3,85.86118488332967,21,4
2025-12-26 21:07:47.606225,0,85.26486944831841,21,4
2025-12-26 21:08:05.829182,0,85.63237154057167,21,4
2025-12-26 21:08:28.049161,0,88.65215988002302,21,4
2025-12-26 21:08:42.260393,2,92.70377120576578,21,4
2025-12-26 21:08:46.448140,2,90.15638014860323,21,4
2025-12-26 21:09:04.664002,6,88.82690264668963,21,4
2025-12-26 21:09:08.855170,0,86.93288337996596,21,4
2025-12-26 21:09:43.085467,3,93.27647250957884,21,4
2025-12-26 21:09:53.290040,6,92.06381974543872,21,4
2025-12-26 21:09:55.506373,0,93.20868720611952,21,4
2025-12-26 21:09:59.721886,0,94.11084571938969,21,4
2025-12-26 21:10:03.910433,7,86.40373957471891,21,4
2025-12-26 21:10:48.167842,3,88.80169422825809,21,4
2025-12-26 21:11:06.386006,3,93.7901878381872,21,4
2025-12-26 21:11:22.588750,5,88.4716985030292,21,4
2025-12-26 21:11:26.779103,1,89.53668036748888,21,4
2025-12-26 21:11:34.978679,4,89.44839944953374,21,4
2025-12-26 21:11:51.200540,1,86.94151087124438,21,4
2025-12-26 21:11:53.378778,2,91.18513428724393,21,4
2025-12-26 21:11:57.566280,1,86.8149147889019,21,4
2025-12-26 21:12:01.756902,1,85.96734976392149,21,4
2025-12-26 21:12:17.976073,1,88.7282371938966,21,4
2025-12-26 21:12:26.168974,2,86.87159935976888,21,4
2025-12-26 21:12:50.398917,2,85.03577986519808,21,4
2025-12-26 21:13:00.613026,4,92.233479147516,21,4
2025-12-26 21:13:30.861096,2,89.11111204966916,21,4
2025-12-26 21:13:33.053565,4,92.2914257882093,21,4
2025-12-26 21:13:49.277666,0,93.1001459677943,21,4
2025-12-26 21:13:51.472289,0,89.94913134428019,21,4
2025-12-26 21:13:55.667553,0,90.81436702809144,21,4
2025-12-26 21:13:59.858540,7,87.1655703385417,21,4
2025-12-26 21:14:46.147560,4,87.02786231493153,21,4
2025-12-26 21:15:16.381292,6,86.5323701352181,21,4
2025-12-26 21:15:26.595381,0,94.32960008215412,21,4
2025-12-26 21:15:44.821476,5,92.179599455704,21,4
2025-12-26 21:15:47.004861,1,87.50497494401274,21,4
2025-12-26 21:16:01.219575,5,94.92697090237094,21,4
2025-12-26 21:16:25.443607,6,93.96139608109702,21,4
2025-12-26 21:16:51.685479,5,87.14117776581698,21,4
2025-12-26 21:17:13.924504,0,88.29931802674358,21,4
2025-12-26 21:17:38.172218,3,92.45411920846335,21,4
2025-12-26 21:17:54.398717,3,86.32280675211275,21,4
2025-12-26 21:18:06.620046,4,85.10595728647199,21,4
2025-12-26 21:18:14.827927,7,92.44326494458176,21,4
2025-12-26 21:18:21.038801,1,89.4991824495817,21,4
2025-12-26 21:18:29.248712,5,90.45736555178992,21,4
2025-12-26 21:18:33.438706,5,90.5135687435085,21,4
2025-12-26 21:18:37.646116,0,93.4014027179295,21,4
2025-12-26 21:18:53.864590,6,89.75291601081433,21,4
2025-12-26 21:19:02.072727,1,94.49800909966912,21,4
2025-12-26 21:19:06.277520,5,94.49002397182652,21,4
2025-12-26 21:19:38.522809,3,87.26701816783483,21,4
2025-12-26 21:20:04.770015,4,89.52851471593867,21,4
2025-12-26 21:20:12.992542,4,94.02923448920107,21,4
2025-12-26 21:20:17.199789,4,91.67463647512346,21,4
2025-12-26 21:20:29.433372,1,89.6947778071011,21,4
2025-12-26 21:20:37.645463,0,89.06661896337573,21,4
2025-12-26 21:21:21.922484,5,91.89260552099856,21,4
2025-12-26 21:21:30.144285,4,89.16881435303674,21,4
2025-12-26 21:21:32.347119,0,87.84352992522895,21,4
2025-12-26 21:21:44.576239,5,93.40740067883164,21,4
2025-12-26 21:22:00.807171,4,89.40556236595978,21,4
2025-12-26 21:22:05.009466,0,91.2752115876778,21,4
2025-12-26 21:22:19.219269,4,89.33246156739989,21,4
2025-12-26 21:22:25.420837,6,93.2832169418183,21,4
2025-12-26 21:22:39.803455,5,87.66406616666966,21,4
2025-12-26 21:23:00.041111,2,88.91149973398691,21,4
2025-12-26 21:23:28.295523,0,89.92860881080676,21,4
2025-12-26 21:23:36.511713,7,87.42967441544204,21,4
2025-12-26 21:23:38.730493,0,85.86464234936935,21,4
2025-12-26 21:23:42.946594,0,88.46680317401159,21,4
2025-12-26 21:23:45.149194,0,87.22908893597638,21,4
2025-12-26 21:24:17.415822,7,86.48184400337797,21,4
2025-12-26 21:24:25.640526,3,86.66271555976112,21,4
2025-12-26 21:24:39.908058,4,92.94315543635386,21,4
2025-12-26 21:24:44.110372,7,89.80921075097719,21,4
2025-12-26 21:24:58.348165,6,90.86255431286664,21,4
2025-12-26 21:25:04.571043,7,94.18281372060731,21,4
2025-12-26 21:25:12.803355,6,88.46889220871941,21,4
2025-12-26 21:25:39.053256,5,86.96627720611953,21,4
2025-12-26 21:25:49.294522,0,85.43038854313993,21,4
2025-12-26 21:25:57.516746,7,91.99321543655827,21,4
2025-12-26 21:26:27.783535,4,90.7645258869786,21,4
2025-12-26 21:26:52.027286,5,85.91128525833389,21,4
2025-12-26 21:27:04.257571,7,94.54150779463616,21,4
2025-12-26 21:27:08.471659,4,94.0054376239283,21,4
2025-12-26 21:27:10.683294,6,94.29267105117628,21,4
2025-12-26 21:27:12.889340,0,93.80303685102018,21,4
2025-12-26 21:27:19.105415,0,90.93078567994272,21,4
2025-12-26 21:27:21.318159,5,92.29099411806337,21,4
2025-12-26 21:27:27.536771,3,86.49510083837686,21,4
2025-12-26 21:27:29.762744,6,87.2616795626644,21,4
2025-12-26 21:27:58.010247,2,93.07781280030186,21,4
2025-12-26 21:28:08.231862,6,85.05336782241258,21,4
2025-12-26 21:28:46.516390,3,90.3935507243252,21,4
2025-12-26 21:29:28.811192,3,92.49465022117592,21,4
2025-12-26 21:29:31.022851,6,91.50725873207612,21,4
2025-12-26 21:30:07.298818,3,87.08148147820782,21,4
2025-12-26 21:30:25.548695,7,93.99000157689213,21,4
2025-12-26 21:30:31.769953,1,89.711579990371,21,4
2025-12-26 21:30:39.994666,3,93.77616641420136,21,4
2025-12-26 21:30:46.213323,0,85.79694192014097,21,4
2025-12-26 21:30:54.447424,7,89.15509411032414,21,4
2025-12-26 21:31:20.719166,7,91.91524179049236,21,4
2025-12-26 21:31:24.940224,4,94.82986064752444,21,4
2025-12-26 21:31:27.155048,6,93.62516401077538,21,4
2025-12-26 21:31:47.425892,5,85.00026716276557,21,4
2025-12-26 21:31:57.661091,1,92.85713866727704,21,4
2025-12-26 21:32:05.890461,2,85.21113004619959,21,4
2025-12-26 21:32:10.123525,4,94.69084321360856,21,4
2025-12-26 21:32:20.355276,0,88.3400280519088,21,4
2025-12-26 21:32:26.585989,4,90.23728941163988,21,4
2025-12-26 21:33:04.887864,5,94.87311487667296,21,4
2025-12-26 21:33:09.102458,7,93.46043183702672,21,4
2025-12-26 21:33:11.316603,0,89.34006447730494,21,4
2025-12-26 21:33:21.599704,1,94.60620503873952,21,4
2025-12-26 21:33:29.831390,6,93.95472552826187,21,4
2025-12-26 21:33:42.076726,4,90.6238134710243,21,4
2025-12-26 21:34:20.352141,4,93.41055290197016,21,4
2025-12-26 21:34:22.575658,5,89.38307636257086,21,4
2025-12-26 21:34:24.798665,0,89.0353230352158,21,4
2025-12-26 21:34:29.024457,1,94.49035937368085,21,4
2025-12-26 21:35:03.304847,5,91.4574041052124,21,4
2025-12-26 21:35:11.545350,2,90.505156646902,21,4
2025-12-26 21:35:13.768768,7,91.5630256586056,21,4
2025-12-26 21:35:28.012148,5,89.5753254708673,21,4
2025-12-26 21:35:36.247133,7,92.16909836769275,21,4
2025-12-26 21:35:42.468248,0,85.25658218104176,21,4
2025-12-26 21:35:48.699075,0,87.51544072696926,21,4
2025-12-26 21:35:50.926735,3,92.78687284049587,21,4
2025-12-26 21:35:55.164676,2,94.74539113396588,21,4
2025-12-26 21:35:59.394665,6,90.80781464580076,21,4
2025-12-26 21:36:13.642766,5,89.0429492571398,21,4
2025-12-26 21:36:15.870886,5,91.91843044420742,21,4
2025-12-26 21:36:38.141144,6,88.09446708043694,21,4
2025-12-26 21:36:40.357998,1,93.2821854198504,21,4
2025-12-26 21:36:42.577653,1,90.95326371347308,21,4
2025-12-26 21:36:48.804442,3,85.9730510119818,21,4
2025-12-26 21:36:51.032322,3,93.38485911028556,21,4
2025-12-26 21:36:53.269167,7,90.943516709378,21,4
2025-12-26 21:36:55.517249,3,85.51411439790377,21,4
2025-12-26 21:37:22.169376,1,87.58553114637525,21,4
2025-12-26 21:37:26.392909,2,86.31274569268432,21,4
2025-12-26 21:37:32.638445,1,87.21201700563772,21,4
2025-12-26 21:38:06.920976,4,92.70721311054083,21,4
2025-12-26 21:38:23.179250,2,92.65463922032316,21,4
2025-12-26 21:38:39.432004,3,85.86912036094292,21,4
2025-12-26 21:38:43.657141,2,87.52229666421712,21,4
2025-12-26 21:38:59.921373,3,93.14246376239404,21,4
2025-12-26 21:39:20.184013,1,88.11760685435875,21,4
2025-12-26 21:39:36.441592,1,87.22342028267323,21,4
2025-12-26 21:39:46.683317,1,93.496158398824,21,4
2025-12-26 21:40:10.959329,5,90.67153753049996,21,4
2025-12-26 21:40:17.193266,6,87.03927252576698,21,4
2025-12-26 21:40:45.481429,6,85.48490246419317,21,4
2025-12-26 21:40:55.738080,2,91.31856273267262,21,4
2025-12-26 21:40:59.974130,6,90.86790662541704,21,4
2025-12-26 21:41:04.202160,4,90.64821993659392,21,4
2025-12-26 21:41:08.432236,4,88.04836354890156,21,4
2025-12-26 21:41:14.681067,3,85.02366121605945,21,4
2025-12-26 21:41:18.931342,7,89.95485407996404,21,4
2025-12-26 21:41:33.196113,1,94.99202654343158,21,4
2025-12-26 21:41:49.490182,4,90.0144303748011,21,4
2025-12-26 21:41:59.737992,5,94.2146925569154,21,4
2025-12-26 21:42:09.976659,2,86.4630774844287,21,4
2025-12-26 21:42:32.242283,1,86.5382490754638,21,4
2025-12-26 21:42:36.530831,6,86.43223733771403,21,4
2025-12-26 21:42:50.803618,4,91.58949671412738,21,4
2025-12-26 21:42:57.060365,6,94.94369653175347,21,4
2025-12-26 21:43:21.331486,7,88.98185609557628,21,4
2025-12-26 21:43:27.583280,4,85.74891724601908,21,4
2025-12-26 21:43:35.839300,7,92.519667129379,21,4
2025-12-26 21:43:44.225510,2,90.35075123215606,21,4
2025-12-26 21:44:00.490081,5,93.33884721651752,21,4
2025-12-26 21:44:14.759295,4,88.26666296075801,21,4
2025-12-26 21:44:45.060924,4,92.40526883330402,21,4
2025-12-26 21:45:05.333021,4,88.19099364142093,21,4
2025-12-26 21:45:07.574269,1,90.48839657662948,21,4
2025-12-26 21:45:13.821509,7,86.40657042016079,21,4
2025-12-26 21:45:16.062234,7,85.52739816262589,21,4
2025-12-26 21:45:20.299701,2,89.59487593774766,21,4
2025-12-26 21:45:24.545647,4,86.29110183255018,21,4
2025-12-26 21:45:30.788282,0,87.069354703341,21,4
2025-12-26 21:45:33.038577,6,90.3927506921896,21,4
2025-12-26 21:45:37.294824,5,90.87388548125672,21,4
2025-12-26 21:45:45.550996,6,85.46334090529555,21,4
2025-12-26 21:45:55.816461,4,94.13292439829888,21,4
2025-12-26 21:46:32.126403,1,92.67086679478533,21,4
2025-12-26 21:46:38.384804,3,88.67132554898235,21,4
2025-12-26 21:46:56.643206,6,86.60546895615026,21,4
2025-12-26 21:47:08.931119,5,86.75355112475948,21,4
2025-12-26 21:47:23.188485,1,90.65851402636402,21,4
2025-12-26 21:47:27.438745,0,94.68500759327112,21,4
2025-12-26 21:47:49.735744,3,93.3596127515991,21,4
2025-12-26 22:00:01.671811,6,93.4805110935004,22,4
2025-12-26 22:00:07.027992,2,85.78839220242105,22,4
2025-12-26 22:07:14.268114,3,94.75840478451666,22,4
2025-12-26 22:07:16.523462,2,93.42275096301996,22,4
2025-12-26 22:07:18.777762,5,90.7465944575562,22,4
2025-12-26 22:07:27.041333,4,91.5647693171617,22,4
2025-12-26 22:07:49.319780,5,90.58703131242024,22,4
2025-12-26 22:08:01.575533,6,92.3745833887433,22,4
2025-12-26 22:08:09.835819,1,87.2341527133514,22,4
2025-12-26 22:08:12.086230,4,85.76884297957841,22,4
2025-12-26 22:08:20.347841,7,85.64685632560995,22,4
2025-12-26 22:08:36.639482,0,91.77906981507248,22,4
2025-12-26 22:08:50.916890,2,93.4579048587308,22,4
2025-12-26 22:09:01.203413,6,87.31490774630291,22,4
2025-12-26 22:09:05.458827,3,87.13318649840886,22,4
2025-12-26 22:09:07.711424,6,86.22267296950173,22,4
2025-12-26 22:09:46.038055,7,94.2550848913504,22,4
2025-12-26 22:10:10.346685,0,94.25764331812488,22,4
2025-12-26 22:10:44.661615,1,86.86280561108985,22,4
2025-12-26 22:10:46.919747,7,88.20398974747339,22,4
2025-12-26 22:10:49.171784,7,87.87107067696584,22,4
2025-12-26 22:10:51.426520,4,87.83992050182931,22,4
2025-12-26 22:11:09.795968,7,94.02691744376908,22,4
2025-12-26 22:11:16.058142,6,86.12069153900151,22,4
2025-12-26 22:11:30.350123,0,87.6575568620163,22,4
2025-12-26 22:11:58.646619,7,89.32021904812271,22,4
2025-12-26 22:12:00.909586,0,92.15215463109652,22,4
2025-12-26 22:12:07.169511,2,92.48797772290318,22,4
2025-12-26 22:12:11.436469,7,88.72793777180182,22,4
2025-12-26 22:12:21.712911,7,94.23654886372812,22,4
2025-12-26 22:12:23.957201,5,89.03461685142348,22,4
2025-12-26 22:12:32.214427,2,92.72261362303044,22,4
2025-12-26 22:12:38.476048,1,93.7235890135839,22,4
2025-12-26 22:12:54.769367,5,92.13410853048896,22,4
2025-12-26 22:12:57.030563,7,87.46673394797843,22,4
2025-12-26 22:13:03.297022,2,91.8599854103005,22,4
2025-12-26 22:13:07.566194,6,94.91254308311954,22,4
2025-12-26 22:13:33.863470,6,91.91883405170736,22,4
2025-12-26 22:13:56.162490,5,90.65017035359304,22,4
2025-12-26 22:14:06.451280,1,88.64432764688674,22,4
2025-12-26 22:14:08.700704,6,93.34812467212956,22,4
2025-12-26 22:14:24.982704,2,90.51367731078405,22,4
2025-12-26 22:14:29.238359,1,85.5288823027283,22,4
2025-12-26 22:14:57.536074,1,87.49390403118782,22,4
2025-12-26 22:15:05.813619,0,85.31033766515469,22,4
2025-12-26 22:15:14.080226,0,93.03186989571792,22,4
2025-12-26 22:15:38.383190,7,90.91961648714964,22,4
2025-12-26 22:15:42.645948,3,91.08591867125112,22,4
2025-12-26 22:15:44.902384,6,89.44464514953073,22,4
2025-12-26 22:15:47.165032,4,92.73572226152346,22,4
2025-12-26 22:15:49.431196,2,93.83824055849138,22,4
2025-12-26 22:15:51.696852,3,90.59028353554282,22,4
2025-12-26 22:15:57.990643,2,87.21508030976923,22,4
2025-12-26 22:16:08.276771,6,86.03727348852365,22,4
2025-12-26 22:16:22.580748,4,86.21737626935207,22,4
2025-12-26 22:16:26.850814,2,90.57170211140452,22,4
2025-12-26 22:16:53.167684,4,92.52788730975028,22,4
2025-12-26 22:17:03.452859,1,88.60314318454051,22,4
2025-12-26 22:17:05.722099,6,85.53392219392593,22,4
2025-12-26 22:17:16.004697,7,92.81565779054677,22,4
2025-12-26 22:17:18.281828,4,87.99661300483004,22,4
2025-12-26 22:17:20.552632,1,90.31220307474024,22,4
2025-12-26 22:17:24.824220,6,85.51422679404008,22,4
2025-12-26 22:17:29.104933,2,93.09253524925326,22,4
2025-12-26 22:17:35.389672,3,90.49561323564484,22,4
2025-12-26 22:17:39.668682,1,87.43984613668724,22,4
2025-12-26 22:17:52.107272,3,92.44261568003958,22,4
2025-12-26 22:17:54.379331,1,91.04148855767409,22,4
2025-12-26 22:17:58.672124,2,93.02502153252928,22,4
2025-12-26 22:21:52.965005,3,93.4930274537289,22,4
2025-12-26 22:21:55.332529,6,85.99387861922054,22,4
2025-12-26 22:22:19.798670,3,91.70117138920804,22,4
2025-12-26 22:22:36.094446,3,86.58041801251383,22,4
2025-12-26 22:22:46.371765,1,88.33662555179538,22,4
2025-12-26 22:23:30.742615,3,91.31226842119672,22,4
2025-12-26 22:23:33.004757,6,85.0736686155791,22,4
2025-12-26 22:23:45.286423,0,94.6469555150176,22,4
2025-12-26 22:24:21.638550,0,89.24882172430233,22,4
2025-12-26 22:24:23.914096,4,88.38356835603378,22,4
2025-12-26 22:24:34.266264,6,92.77786845342618,22,4
2025-12-26 22:25:28.697539,4,93.79302377803872,22,4
2025-12-26 22:25:32.968191,7,94.0883130063182,22,4
2025-12-26 22:26:09.303207,3,90.50418269553865,22,4
2025-12-26 22:26:17.600080,6,91.85463037826392,22,4
2025-12-26 22:26:27.711092,7,87.558815194464,22,4
2025-12-26 22:26:34.002559,4,93.03801088416822,22,4
2025-12-26 22:26:50.366702,2,87.69663532853433,22,4
2025-12-26 22:27:08.697011,5,92.49402770372154,22,4
2025-12-26 22:27:18.984621,3,92.47055224417925,22,4
2025-12-26 22:27:29.281482,5,89.49160747730333,22,4
2025-12-26 22:27:35.565777,1,87.00989941126745,22,4
2025-12-26 22:27:55.908646,4,85.1703015502701,22,4
2025-12-26 22:28:30.248012,4,94.80589164956918,22,4
2025-12-26 22:28:40.537459,0,93.14149446688698,22,4
2025-12-26 22:28:58.943895,4,87.52531301043209,22,4
2025-12-26 22:29:11.229359,6,85.39753951098861,22,4
2025-12-26 22:29:52.004238,1,86.09630182590375,22,4
2025-12-26 22:30:06.893205,2,91.35290292450718,22,4
2025-12-26 22:30:19.513314,5,88.73256633972835,22,4
2025-12-26 22:30:27.799835,7,89.28199295738949,22,4
2025-12-26 22:30:30.100219,0,85.04827540318915,22,4
2025-12-26 22:30:40.402825,0,87.49245029594653,22,4
2025-12-26 22:30:44.717471,3,90.7992553094452,22,4
2025-12-26 22:30:49.014622,1,90.96015778095511,22,4
2025-12-26 22:31:13.326765,7,86.91069033554832,22,4
2025-12-26 22:31:17.629720,3,85.13381514073296,22,4
2025-12-26 22:31:31.932158,7,86.8331367076472,22,4
2025-12-26 22:31:36.225021,3,92.25633623021908,22,4
2025-12-26 22:31:44.527007,3,88.51673867806487,22,4
2025-12-26 22:31:56.288200,2,94.73710284156796,22,4
2025-12-26 22:32:06.617911,6,87.98832353569924,22,4
2025-12-26 22:32:16.928305,4,85.89828977867018,22,4
2025-12-26 22:32:33.227759,4,87.19458112921357,22,4
2025-12-26 22:33:47.655429,1,89.97121046842629,22,4
2025-12-26 22:34:07.983794,1,86.7219838831464,22,4
2025-12-26 22:34:12.291828,1,94.4138087781085,22,4
2025-12-26 22:34:22.627656,4,88.55313947913972,22,4
2025-12-26 22:34:42.962982,1,89.9684358782874,22,4
2025-12-26 22:34:45.236754,5,87.43686271140209,22,4
2025-12-26 22:34:47.566196,6,93.53860753782423,22,4
2025-12-26 22:35:12.521987,7,89.86887437027491,22,4
2025-12-26 22:35:16.834490,6,90.86216578526104,22,4
2025-12-26 22:35:25.183117,3,88.74791805159664,22,4
2025-12-26 22:35:27.477799,3,92.3219802316489,22,4
2025-12-26 22:35:51.812338,4,89.82103147729728,22,4
2025-12-26 22:36:11.381897,6,87.0965861058903,22,4
2025-12-26 22:39:09.454105,5,90.87106215406097,22,4
2025-12-26 22:39:45.379391,3,89.98330319665106,22,4
2025-12-26 22:40:14.751679,7,91.38746034924064,22,4
2025-12-26 22:40:59.701925,4,85.54842430312976,22,4
2025-12-26 22:41:10.030582,3,92.20056897599792,22,4
2025-12-26 22:41:36.350648,3,94.13654889160328,22,4
2025-12-26 22:41:58.709186,5,94.73032330848557,22,4
2025-12-26 22:42:03.132206,3,92.77427407297888,22,4
2025-12-26 22:42:07.427795,2,85.27502174276464,22,4
2025-12-26 22:42:15.732584,1,88.94852333295326,22,4
2025-12-26 22:42:32.047142,7,88.94150186129501,22,4
2025-12-26 22:42:40.352520,1,89.35886347997642,22,4
2025-12-26 22:43:16.763572,1,93.73825313203238,22,4
2025-12-26 22:43:21.174251,3,90.64157553824492,22,4
2025-12-26 22:43:41.513116,7,85.38639017153035,22,4
2025-12-26 22:43:47.826069,4,85.29424542321706,22,4
2025-12-26 22:44:30.197012,5,86.78630889114332,22,4
2025-12-26 22:44:32.385037,5,86.63893968897229,22,4
2025-12-26 22:44:34.590772,0,87.98631451598088,22,4
2025-12-26 22:44:38.813487,4,88.33890654285017,22,4
2025-12-26 22:44:57.040835,6,93.07484288294168,22,4
2025-12-26 22:46:01.977071,14,94.56113478076084,22,4
2025-12-26 22:46:13.174777,20,85.32633081592758,22,4
2025-12-26 22:46:15.523616,20,88.39966404157916,22,4
2025-12-26 22:46:21.342271,21,89.54342365554214,22,4
2025-12-26 22:46:22.679585,20,92.88696912254844,22,4
2025-12-26 22:46:36.007598,7,89.45736695662671,22,4
2025-12-26 22:46:37.287619,7,91.08656327994632,22,4
2025-12-26 22:46:43.023721,23,85.06498154517845,22,4
2025-12-26 22:46:47.964332,6,91.0848488354194,22,4
2025-12-26 22:46:48.630473,15,94.98287170810586,22,4
2025-12-26 22:47:01.947040,2,86.75817964580826,22,4
2025-12-26 22:47:03.247221,8,90.076826555433,22,4
2025-12-26 22:47:06.821108,16,93.96648306512004,22,4
2025-12-26 22:47:08.157653,0,88.49972728018413,22,4
2025-12-26 22:47:20.466448,22,86.44382838365127,22,4
2025-12-26 22:47:26.616405,14,91.02105979507932,22,4
2025-12-26 22:47:32.333953,18,87.06874052837082,22,4
2025-12-26 22:47:39.123737,11,85.37017233207203,22,4
2025-12-26 22:47:49.055482,5,88.56338527209964,22,4
2025-12-26 22:47:53.641387,2,93.11598004496165,22,4
2025-12-26 22:48:00.265181,16,87.89876140143724,22,4
2025-12-26 22:48:16.807972,8,89.43478591931404,22,4
2025-12-26 22:48:21.397541,10,93.39687869575856,22,4
2025-12-26 22:48:25.091233,7,90.7314081850426,22,4
2025-12-26 22:48:30.052198,1,93.04272491572404,22,4
2025-12-26 22:48:30.858650,7,90.41807367260508,22,4
2025-12-26 22:48:33.502358,3,89.25758520658759,22,4
2025-12-26 22:48:41.725001,9,88.35519197687294,22,4
2025-12-26 22:48:44.090278,14,94.40412562958198,22,4
2025-12-26 22:49:14.717043,6,91.5713920100362,22,4
2025-12-26 22:49:16.920780,4,89.70514478181022,22,4
2025-12-26 22:49:17.280321,17,91.72392539826242,22,4
2025-12-26 22:49:20.893631,0,92.99288864157155,22,4
2025-12-26 22:49:32.093297,9,91.7770183444732,22,4
2025-12-26 22:49:37.858374,9,88.63183697138297,22,4
2025-12-26 22:49:42.532342,15,89.38172009900863,22,4
2025-12-26 22:49:51.974806,18,89.43422750667082,22,4
2025-12-26 22:53:49.623191,17,89.44516197314027,22,4
2025-12-26 22:54:00.302558,20,89.02684274801712,22,4
2025-12-26 22:54:08.620132,8,88.37972909905605,22,4
2025-12-26 22:54:10.980654,15,93.30978533967328,22,4
2025-12-26 22:54:12.928843,17,85.44980650836493,22,4
2025-12-26 22:54:16.220861,2,90.3613767786306,22,4
2025-12-26 22:54:19.236089,20,90.90858212204428,22,4
2025-12-26 22:54:30.627077,9,88.43238345364611,22,4
2025-12-26 22:54:32.184995,13,93.65384403653736,22,4
2025-12-26 22:54:33.534934,10,88.22236144331879,22,4
2025-12-26 22:54:38.800020,9,94.42603348054588,22,4
2025-12-26 22:54:44.551782,13,91.83536506211634,22,4
2025-12-26 22:54:55.089164,0,88.4852597136721,22,4
2025-12-26 22:55:01.039886,6,85.08095618992125,22,4
2025-12-26 22:55:08.747935,21,88.43656651593518,22,4
2025-12-26 22:55:13.940802,17,85.26493245922993,22,4
2025-12-26 22:55:16.541631,20,90.25579909997434,22,4
2025-12-26 22:55:20.230989,9,92.88308802946732,22,4
2025-12-26 22:55:30.844878,8,93.79962803016753,22,4
2025-12-26 22:55:40.143476,2,94.5550624876239,22,4
2025-12-26 22:55:42.726868,15,92.76928418029794,22,4
2025-12-26 22:55:45.140086,2,92.05870942310672,22,4
2025-12-26 22:55:45.253960,9,90.45411493681496,22,4
2025-12-26 22:55:49.868162,5,88.83328932278202,22,4
2025-12-26 22:55:54.577342,8,94.19125675244734,22,4
2025-12-26 22:56:00.879074,12,85.82676496005968,22,4
2025-12-26 22:56:04.919134,12,90.03348664373026,22,4
2025-12-26 22:56:12.900464,9,94.8485436467796,22,4
2025-12-26 22:56:16.777627,10,89.73138293231591,22,4
2025-12-26 22:59:22.883311,21,91.26294332165858,22,4
2025-12-26 22:59:25.431410,1,93.40673330793577,22,4
2025-12-26 22:59:33.405293,5,88.78630407043266,22,4
2025-12-26 22:59:33.943480,14,92.44068456324204,22,4
2025-12-26 22:59:35.434786,6,86.10828083237881,22,4
2025-12-26 23:01:13.929352,9,90.06719312153578,23,4
2025-12-26 23:01:14.807047,18,86.16226539517412,23,4
2025-12-26 23:01:14.871931,22,92.941031714327,23,4
2025-12-26 23:01:15.064139,3,87.82248343642193,23,4
2025-12-26 23:01:16.219219,12,91.18713818116696,23,4
2025-12-26 23:01:16.378480,23,89.19229843338566,23,4
2025-12-26 23:01:16.485216,8,85.94901095484151,23,4
2025-12-26 23:01:16.727461,10,91.37783665825884,23,4
2025-12-26 23:01:29.756003,19,89.24830300093154,23,4
2025-12-26 23:01:30.153112,16,85.72808777904463,23,4
2025-12-26 23:01:30.388621,8,91.74009095862792,23,4
2025-12-26 23:01:30.570765,6,94.09549546978307,23,4
2025-12-26 23:01:30.752242,11,90.42081981037336,23,4
2025-12-26 23:01:31.551685,22,93.67998150532462,23,4
2025-12-26 23:01:31.736572,15,92.8149220988726,23,4
2025-12-26 23:01:31.817956,9,89.87906352485815,23,4
2025-12-26 23:01:31.907792,6,86.87632524071262,23,4
2025-12-26 23:01:32.000299,3,90.4977207541858,23,4
2025-12-26 23:01:52.640710,9,88.24838474947818,23,4
2025-12-26 23:01:55.403962,21,88.62272765783933,23,4
2025-12-26 23:01:55.563617,22,88.45385943614984,23,4
2025-12-26 23:01:55.762555,2,90.27240843859906,23,4
2025-12-26 23:01:55.963165,7,85.9619748135273,23,4
2025-12-26 23:01:56.163678,17,91.73295081265476,23,4
2025-12-26 23:02:57.812073,9,88.39932020461458,23,4
2025-12-26 23:02:57.913006,10,89.34421142053422,23,4
2025-12-26 23:02:58.042214,20,86.03817617031086,23,4
2025-12-26 23:02:58.113996,23,90.61667031790742,23,4
2025-12-26 23:02:58.467467,13,86.58365441525483,23,4
2025-12-26 23:02:59.021527,20,89.73732751121719,23,4
2025-12-26 23:02:59.047255,22,87.74845470534305,23,4
2025-12-26 23:02:59.216649,0,89.80823916377956,23,4
2025-12-26 23:02:59.352176,3,87.09601372851064,23,4
2025-12-26 23:02:59.816352,1,92.01471664318755,23,4
2025-12-26 23:02:59.881265,1,93.87590759921636,23,4
2025-12-26 23:03:00.406422,21,90.53409630348536,23,4
2025-12-26 23:03:00.608734,3,91.88323293050202,23,4
2025-12-26 23:03:00.747861,4,94.86795281160688,23,4
2025-12-26 23:03:00.862895,18,94.56037815128866,23,4
2025-12-26 23:03:01.312276,1,85.04455754464847,23,4
2025-12-26 23:03:01.518863,10,91.62988536162312,23,4
2025-12-26 23:03:01.845582,4,92.83006327164964,23,4
2025-12-26 23:03:19.054315,11,88.53882394451843,23,4
2025-12-26 23:03:19.574187,0,85.75599893558085,23,4
2025-12-26 23:04:20.745235,12,86.47095877249491,23,4
2025-12-26 23:04:20.954147,21,89.12473153762156,23,4
2025-12-26 23:04:21.454978,20,88.68482613204482,23,4
2025-12-26 23:04:21.552598,22,90.7877786146828,23,4
2025-12-26 23:04:21.747424,22,92.68372826471412,23,4
2025-12-26 23:04:21.947034,1,94.80674755000646,23,4
2025-12-26 23:04:22.402274,21,86.55790890843795,23,4
2025-12-26 23:04:23.263878,19,89.43309124308661,23,4
2025-12-26 23:04:23.499596,23,90.31730613085178,23,4
2025-12-26 23:10:35.857011,23,92.9294634583596,23,4
2025-12-26 23:11:02.385276,15,88.60969958930704,23,4
2025-12-26 23:11:20.424746,19,89.71142339839139,23,4
2025-12-26 23:11:28.373400,18,92.37268647142092,23,4
2025-12-26 23:11:32.986153,6,91.76548448402602,23,4
2025-12-26 23:11:42.228902,13,91.9482558128626,23,4
2025-12-26 23:11:47.890840,22,88.87204083854432,23,4
2025-12-26 23:11:49.156664,5,85.32921862685357,23,4
2025-12-26 23:11:50.453384,7,94.89669807716716,23,4
2025-12-26 23:16:24.299896,4,87.2695363967219,23,4
2025-12-26 23:16:25.024553,12,93.55983632323552,23,4
2025-12-26 23:16:27.330135,17,94.81507731184608,23,4
2025-12-26 23:16:28.373326,16,85.92308348439498,23,4
2025-12-26 23:16:31.042371,10,87.17610332020094,23,4
2025-12-26 23:16:31.355884,15,86.70766391944578,23,4
2025-12-26 23:16:31.555824,13,87.457077408388,23,4
2025-12-26 23:16:31.756313,14,94.67180220459734,23,4
2025-12-26 23:16:31.973474,1,85.22267153150926,23,4
2025-12-26 23:16:32.174570,10,85.26609912495573,23,4
2025-12-26 23:16:32.353863,20,89.74267912635298,23,4
2025-12-26 23:16:32.539279,4,88.86896111629686,23,4
2025-12-26 23:16:32.706563,22,88.93076749508627,23,4
2025-12-26 23:16:32.888837,12,89.39011458742257,23,4
2025-12-26 23:16:33.365260,2,88.31488339992984,23,4
2025-12-26 23:16:49.040437,1,92.22472952261892,23,4
2025-12-26 23:16:49.189392,17,91.47480809365734,23,4
2025-12-26 23:16:49.310425,10,94.81868915246314,23,4
2025-12-26 23:16:49.459375,20,85.68483595359992,23,4
2025-12-26 23:16:49.591503,3,87.99906300156968,23,4
2025-12-26 23:16:51.692416,5,92.78757843661975,23,4
2025-12-26 23:16:52.867018,0,92.65262945943935,23,4
2025-12-26 23:16:54.026300,11,85.16521598929049,23,4
2025-12-26 23:16:55.257113,21,85.62178947133695,23,4
2025-12-26 23:17:22.846214,22,94.38696127152174,23,4
2025-12-26 23:17:26.485411,10,88.53950959571903,23,4
2025-12-26 23:17:27.694674,1,89.85028098752645,23,4
2025-12-26 23:17:28.887598,19,92.04943694414229,23,4
2025-12-26 23:17:31.212676,7,87.54617062792698,23,4
2025-12-26 23:17:37.235516,5,93.32333286212516,23,4
2025-12-26 23:17:48.041818,11,88.8024897280376,23,4
2025-12-26 23:17:49.222184,18,88.24429456113182,23,4
2025-12-26 23:18:01.231669,9,89.7896434388693,23,4
2025-12-26 23:18:05.910162,14,93.16373500724912,23,4
2025-12-26 23:18:11.978190,8,91.5234069088952,23,4
2025-12-26 23:18:13.316123,16,93.70263023581548,23,4
2025-12-26 23:18:14.481719,7,91.03381228660209,23,4
2025-12-26 23:18:24.055114,5,88.57042419931112,23,4
2025-12-26 23:18:33.682263,13,87.67560335981581,23,4
2025-12-26 23:18:44.512666,5,91.80824370862086,23,4
2025-12-26 23:18:45.773219,9,91.28570254277062,23,4
2025-12-26 23:18:57.640121,10,94.8428678848367,23,4
2025-12-26 23:19:02.485230,9,87.05838204714536,23,4
2025-12-26 23:19:06.006971,23,87.44680866977473,23,4
2025-12-26 23:19:10.861729,9,91.27773923533957,23,4
2025-12-26 23:21:58.925333,4,92.92198216986122,23,4
2025-12-26 23:22:00.824559,4,88.12892274757398,23,4
2025-12-26 23:22:01.676633,9,92.2216321013631,23,4
2025-12-26 23:22:02.058947,9,95.88254261408898,23,4
2025-12-26 23:22:02.242554,14,89.48885553102062,23,4
2025-12-26 23:22:02.491922,9,94.06821976218548,23,4
2025-12-26 23:22:02.690686,9,96.80399891930288,23,4
2025-12-26 23:22:04.307247,19,92.75090138781997,23,4
2025-12-26 23:22:05.408903,14,95.83705745869074,23,4
2025-12-26 23:22:05.824866,11,97.41706101236272,23,4
2025-12-26 23:22:07.210362,9,89.42824324696298,23,4
2025-12-26 23:22:07.357732,4,88.66315437556187,23,4
2025-12-26 23:22:07.510225,19,94.32066722154508,23,4
2025-12-26 23:22:13.025593,4,90.38206302058327,23,4
2025-12-26 23:22:14.825742,7,91.56407530837204,23,4
2025-12-26 23:22:15.626703,4,90.95859591670398,23,4
2025-12-26 23:22:16.659176,22,94.67864121064314,23,4
2025-12-26 23:22:17.326260,14,96.30530153965069,23,4
2025-12-26 23:22:17.875896,9,94.19379525879424,23,4
2025-12-26 23:22:18.525241,9,90.20361996905427,23,4
2025-12-26 23:22:19.292595,19,92.52809218400706,23,4
2025-12-26 23:22:19.874732,18,90.17357338676506,23,4
2025-12-26 23:22:25.574556,19,92.8938535870435,23,4
2025-12-26 23:22:26.407618,4,92.1346058082206,23,4
2025-12-26 23:22:27.342825,19,94.37885550798327,23,4
2025-12-26 23:22:28.210711,22,89.00315565816157,23,4
2025-12-26 23:22:29.157788,21,92.47492092830474,23,4
2025-12-26 23:22:30.010221,13,97.93887092278044,23,4
2025-12-26 23:22:30.942880,14,96.1798290680685,23,4
2025-12-26 23:22:31.710013,19,93.29921136410756,23,4
2025-12-26 23:22:32.358235,4,89.32898731282374,23,4
2025-12-26 23:22:33.159967,4,97.63753420215583,23,4
2025-12-26 23:22:33.576062,19,89.02552149097608,23,4
2025-12-26 23:22:34.358917,9,95.42198936251523,23,4
2025-12-26 23:22:34.759800,4,91.4541396677458,23,4
2025-12-26 23:22:35.157697,9,94.91377290516095,23,4
2025-12-26 23:22:35.525329,2,94.02781666108676,23,4
2025-12-26 23:22:35.859599,14,88.26643822423877,23,4
2025-12-26 23:22:36.176431,14,92.79687241433884,23,4
2025-12-26 23:22:36.491994,4,94.9273130018944,23,4
2025-12-26 23:22:36.861262,19,91.32106306042448,23,4
2025-12-26 23:22:37.227022,0,90.50442511426728,23,4
2025-12-26 23:22:37.507760,0,94.70863909835452,23,4
2025-12-26 23:23:58.371928,4,94.16469258176502,23,4
2025-12-26 23:24:05.586845,2,92.8484450788463,23,4
2025-12-26 23:24:11.477984,9,93.23898853372604,23,4
2025-12-26 23:24:24.775538,7,89.04784739503854,23,4
2025-12-26 23:24:30.706758,4,93.9656879400275,23,4
2025-12-26 23:24:46.391575,23,94.37923169183938,23,4
2025-12-26 23:24:50.030227,19,97.68583184743548,23,4
2025-12-26 23:24:54.939707,17,94.49699589081398,23,4
2025-12-26 23:58:16.293474,0,87.5,23,4
